id,revenue
0,134.19089
1,198.89809
2,5.589623
3,59.53787
4,3.7548413
5,47.09
6,322.72482
7,138.29979
8,263.36118
9,48.349373
10,1.7730076
11,58.579624
12,8.097405
13,8.621807
14,81.614365
15,15.3462105
16,1.500078
17,10.620978
18,225.73575
19,2.7606897
20,3.3819757
21,17.753265
22,88.67081
23,177.80086
24,35.702152
25,5.511375
26,1.8632879
27,1.8723958
28,9.582757
29,16.231684
30,18.123322
31,248.7803
32,87.97226
33,1.8471298
34,27.182306
35,8.386342
36,75.373566
37,4.090286
38,114.39496
39,13.653798
40,1197.4944
41,149.03656
42,134.38254
43,4.630532
44,5.655915
45,1.4431746
46,225.0177
47,141.28789
48,70.43022
49,31.006416
50,51.222466
51,5.3771753
52,38.614082
53,21.926981
54,42.64246
55,93.69625
56,15.253851
57,34.062843
58,1.7289267
59,31.818966
60,19.046274
61,4.5687013
62,20.424164
63,50.145657
64,7.4091053
65,47.368824
66,27.98658
67,5.010906
68,13.613943
69,2.8081157
70,4.459255
71,438.8895
72,393.70285
73,12.194712
74,39.133842
75,4.1860237
76,320.47464
77,267.31
78,99.67375
79,9.415771
80,137.45638
81,6.1407166
82,64.13522
83,629.2448
84,53.37439
85,2.1281393
86,54.13437
87,3.6354327
88,3.1053467
89,131.89594
90,2.0226026
91,5.7748456
92,458.46185
93,16.135828
94,29.97592
95,11.454685
96,3.3190956
97,2.680937
98,38.588497
99,25.017614
100,162.68874
101,22.413553
102,1.7451124
103,6.1075344
104,21.482113
105,56.803967
106,5.7613735
107,332.63263
108,1.8676269
109,26.195648
110,1.5069165
111,82.62097
112,5.559676
113,404.94745
114,68.52563
115,221.15263
116,4.689372
117,19.468376
118,8.156844
119,12.988463
120,13.117901
121,151.93648
122,791.2668
123,1.7003932
124,23.980108
125,4.607364
126,50.666527
127,3.7232985
128,44.920624
129,1.6784005
130,17.362114
131,4.9966993
132,11.733948
133,46.232006
134,76.51611
135,8.912176
136,47.744793
137,20.69776
138,48.350704
139,26.902632
140,342.782
141,5.0326657
142,729.5932
143,83.18111
144,50.916996
145,185.80751
146,22.74834
147,6.085899
148,119.62493
149,135.03049
150,155.4928
151,6.9937177
152,6.330292
153,438.8484
154,23.070755
155,28.793528
156,121.066956
157,37.656265
158,10.222932
159,34.777523
160,8.55116
161,495.4164
162,25.005615
163,30.680395
164,30.925144
165,4.26336
166,14.57504
167,85.82983
168,2.401568
169,3.3958654
170,34.894115
171,25.200745
172,22.40708
173,9.186685
174,46.872467
175,29.300604
176,3.2415962
177,3.8590894
178,11.256902
179,231.39314
180,26.332863
181,11.097382
182,24.426882
183,3.8030329
184,1.8693824
185,4.947542
186,103.635925
187,31.619717
188,72.04253
189,109.5036
190,2.117494
191,87.117744
192,1.6625149
193,332.49442
194,12.459905
195,93.726425
196,17.783438
197,4.68926
198,5.6458535
199,20.774275
200,1.7022028
201,2.8883862
202,6.54775
203,243.23894
204,7.7719917
205,4.3027263
206,26.961475
207,25.279917
208,3.988298
209,89.493034
210,13.847325
211,12.0409355
212,2.8071039
213,1.4061112
214,9.785334
215,13.281736
216,10.401796
217,182.68819
218,5.2559586
219,164.56953
220,6.8643866
221,44.067097
222,24.977413
223,115.27916
224,239.339
225,2.7624528
226,819.22327
227,13.120236
228,3.6439724
229,313.99426
230,8.835198
231,2.8640912
232,62.01901
233,35.49583
234,21.9096
235,17.105257
236,147.7294
237,87.167175
238,8.903847
239,2.1329906
240,10.727547
241,5.085019
242,3.31875
243,1.5351427
244,2.259419
245,6.6450043
246,42.770298
247,42.18718
248,4.55543
249,4.7259045
250,133.1683
251,28.878847
252,23.265364
253,38.864952
254,16.075714
255,143.28868
256,5.903347
257,19.655064
258,147.47134
259,9.702031
260,305.31796
261,248.06836
262,4.5422125
263,8.96095
264,978.874
265,617.6321
266,9.714462
267,33.278603
268,10.402506
269,20.717182
270,10.24047
271,4.9490795
272,44.764973
273,35.079155
274,639.2436
275,847.1866
276,183.4504
277,23.889923
278,70.320366
279,296.61786
280,9.424725
281,2.0014112
282,46.592274
283,361.46768
284,35.900414
285,33.88061
286,43.19869
287,5.920464
288,133.92111
289,132.43147
290,299.26578
291,5.339233
292,21.613783
293,2.3247795
294,15.943771
295,89.852325
296,16.625973
297,6.1028056
298,32.094624
299,1.8097415
300,4.441638
301,397.9828
302,11.729807
303,30.231813
304,3.0715818
305,456.0741
306,13.732804
307,6.8373747
308,42.00111
309,102.52
310,10.754168
311,381.03647
312,362.42368
313,10.823006
314,21.87714
315,3.030323
316,366.3925
317,1.9103665
318,41.839584
319,17.61083
320,2.0319529
321,87.86778
322,936.7389
323,7.432475
324,30.842878
325,8.635382
326,2.8962445
327,37.09719
328,2.5800438
329,5.941539
330,4.163183
331,5.5353374
332,3.257555
333,56.185883
334,169.88727
335,2.0437796
336,126.08744
337,1.7620382
338,2.7974498
339,5.0750885
340,2.7312129
341,41.267445
342,141.76048
343,3.4176402
344,191.2953
345,29.833624
346,8.661919
347,12.509277
348,48.633404
349,1.8483801
350,14.992334
351,5.2261043
352,3.5425377
353,56.336548
354,5.131151
355,7.1293125
356,187.80919
357,115.509155
358,6.942107
359,14.170004
360,1.4192247
361,22.873358
362,121.28694
363,5.8377886
364,22.130854
365,75.87181
366,118.71927
367,36.24978
368,32.204285
369,20.48551
370,23.738333
371,2.4489443
372,187.98079
373,50.824642
374,23.55047
375,31.832012
376,58.506996
377,26.374321
378,6.3696723
379,1.7346048
380,1.4115114
381,286.95154
382,5.467714
383,1.8597267
384,1.6559722
385,39.78645
386,56.51196
387,5.7697854
388,29.866047
389,13.321453
390,18.62035
391,2.493477
392,2.8699334
393,9.500218
394,4.864153
395,11.585073
396,6.343666
397,476.2258
398,48.74595
399,90.40862
400,5.5032377
401,35.567528
402,760.92896
403,6.41325
404,4.7209086
405,41.65072
406,297.81134
407,10.228111
408,13.248607
409,2.4427898
410,159.71947
411,197.76758
412,1.7059202
413,21.81584
414,1.6570725
415,357.0525
416,4.371445
417,10.11837
418,5.865857
419,2.7119095
420,5.5325246
421,909.38934
422,10.272299
423,15.779066
424,1.8469827
425,92.5715
426,5.7277846
427,96.06439
428,2.3307238
429,6.1908617
430,114.54158
431,176.57106
432,8.609625
433,5.996204
434,13.314033
435,2.6478157
436,1.947686
437,6.532425
438,33.635624
439,197.06593
440,3.3164558
441,7.5765676
442,12.204345
443,3.3257065
444,11.781157
445,7.784978
446,9.784614
447,67.15858
448,54.058994
449,34.5224
450,103.15287
451,46.296936
452,6.718942
453,1.3891387
454,3.4654036
455,1.7729349
456,419.93726
457,3.370924
458,42.94583
459,1.9594805
460,6.589043
461,3.3153963
462,24.146532
463,125.58943
464,213.77055
465,184.0782
466,1.9705741
467,7.6078978
468,247.2456
469,3.2826457
470,36.448006
471,42.08863
472,7.108158
473,47.70244
474,2.6948316
475,5.6318235
476,3.5783544
477,752.5116
478,12.428774
479,5.707678
480,16.29626
481,1.8645461
482,3.4642053
483,110.67873
484,2.530869
485,9.142404
486,98.69278
487,164.41911
488,109.77693
489,46.57284
490,11.122504
491,164.9304
492,10.0048485
493,2.7639673
494,2.6006708
495,7.0551977
496,11.445809
497,72.19161
498,43.430176
499,8.033317
500,3.635583
501,34.668488
502,92.57324
503,89.32507
504,3.7776356
505,385.56876
506,193.27788
507,89.34692
508,4.385124
509,168.6488
510,12.927478
511,2.3837376
512,21.75506
513,25.161814
514,139.5374
515,2.7481575
516,32.09243
517,19.527363
518,11.11068
519,2.098919
520,60.92858
521,121.70744
522,89.80615
523,1.4875968
524,16.0644
525,22.688908
526,21.143404
527,127.120605
528,13.07758
529,6.7732844
530,9.216542
531,36.91071
532,68.08553
533,5.4344196
534,48.817863
535,3.2326555
536,10.01345
537,1.3901258
538,2.6350868
539,42.072998
540,7.062499
541,12.536443
542,2.8004482
543,13.208926
544,9.379241
545,13.761798
546,26.853813
547,2.8705783
548,10.640833
549,2.689535
550,102.55248
551,121.44215
552,20.979486
553,4.4447317
554,2.5969427
555,8.126403
556,28.477463
557,140.96489
558,5.15573
559,303.18936
560,19.98262
561,292.72903
562,1.8304434
563,62.48896
564,221.89442
565,2.7587068
566,10.102163
567,15.938803
568,3.7104354
569,156.38684
570,45.89421
571,10.443952
572,59.59404
573,3.4864774
574,36.69345
575,3.8179789
576,10.917621
577,1.6921301
578,5.7852597
579,2.9611313
580,16.036537
581,118.039764
582,31.989864
583,2.6101682
584,313.94934
585,4.09369
586,75.21706
587,266.89706
588,4.1935515
589,56.099373
590,2.2627063
591,22.779491
592,64.457855
593,71.97704
594,3.3395534
595,30.169142
596,10.2384815
597,57.742306
598,28.736422
599,118.96265
600,5.3601933
601,1.5874107
602,2.8681018
603,195.52083
604,4.2225366
605,14.917765
606,5.2105303
607,1.6714482
608,6.1196074
609,17.621052
610,1.608988
611,14.246151
612,1.7302716
613,55.18058
614,6.0026712
615,12.767922
616,49.721634
617,125.04
618,13.2604065
619,864.95593
620,33.611313
621,2.1734145
622,85.85799
623,50.655247
624,46.24326
625,1.5838649
626,14.072415
627,5.371053
628,7.9657574
629,11.636827
630,10.087266
631,2.4332297
632,237.69814
633,3.5571175
634,3.5446076
635,87.07666
636,4.3023467
637,50.735706
638,2.114176
639,272.5023
640,1.7672467
641,2.5806217
642,77.39014
643,3.377049
644,2.5995946
645,1.5723338
646,21.318237
647,25.951347
648,2.5089705
649,2.2815335
650,18.316298
651,20.799
652,395.0512
653,5.7172737
654,3.58668
655,13.79168
656,2.0818472
657,8.513216
658,209.4909
659,43.9668
660,9.916977
661,34.65009
662,4.2902627
663,25.348433
664,4.0611157
665,39.605953
666,12.604601
667,7.844303
668,9.215301
669,5.526258
670,197.1863
671,7.1224527
672,6.3762107
673,3.2295575
674,15.73654
675,4.85179
676,40.526665
677,22.338226
678,105.88336
679,162.25441
680,93.125015
681,3.8558722
682,37.088753
683,5.4935374
684,13.933569
685,1.395067
686,4.555716
687,3.7927408
688,4.493444
689,18.884502
690,2.4190443
691,130.38661
692,32.37347
693,2036.151
694,19.462492
695,17.079445
696,36.489437
697,11.62983
698,128.0929
699,5.203991
700,167.25885
701,18.980608
702,14.132007
703,322.82364
704,25.809137
705,3.0010014
706,82.188034
707,18.121908
708,9.860924
709,2.7654896
710,25.109303
711,2.691068
712,2.500537
713,36.624977
714,54.030148
715,3.2572622
716,4.570302
717,2.6446404
718,133.41428
719,184.11272
720,48.424816
721,38.80547
722,2.0472922
723,39.61235
724,74.47057
725,10.467936
726,7.4436464
727,2.5612185
728,39.201187
729,2.8647616
730,51.10674
731,54.94693
732,203.54645
733,41.08118
734,30.615028
735,5.2489753
736,2.236562
737,8.439127
738,7.6797743
739,1.3891387
740,271.1514
741,16.302439
742,6.0555615
743,3.4104877
744,12.281235
745,64.80197
746,196.39717
747,24.31759
748,804.6512
749,48.639496
750,125.0257
751,2.4092138
752,525.1365
753,4.960581
754,3.790359
755,59.60158
756,1.6585281
757,2.6663635
758,108.54076
759,6.237457
760,891.239
761,16.00808
762,7.3383064
763,13.606684
764,11.130235
765,7.096241
766,48.61918
767,74.26199
768,14.185727
769,49.008778
770,309.94836
771,24.894682
772,75.43054
773,7.528966
774,7.334303
775,17.879236
776,31.776436
777,3.4370956
778,1004.3449
779,5.589622
780,4.590158
781,8.846923
782,73.71039
783,1.9691067
784,28.35934
785,1.788234
786,6.212073
787,2.7148616
788,3.8895383
789,11.148193
790,5.9274015
791,20.849234
792,3.4449487
793,438.09293
794,14.809625
795,2.223148
796,13.061056
797,273.95074
798,29.812181
799,813.48395
800,4.0760736
801,46.49487
802,2.027767
803,2.8477073
804,5.406386
805,133.22533
806,3.2959032
807,6.0271044
808,37.18772
809,1.463692
810,29.931095
811,4.057895
812,170.14406
813,1.3891387
814,254.7394
815,168.23601
816,144.76727
817,14.493973
818,203.77979
819,106.54392
820,274.95514
821,8.239468
822,3.7134829
823,14.532094
824,4.668031
825,19.091959
826,49.63144
827,2.1823683
828,25.949183
829,42.931126
830,12.278788
831,65.95486
832,1128.5632
833,3.2829757
834,5.632106
835,245.56664
836,1.4099116
837,40.52037
838,6.4445825
839,53.41415
840,11.912694
841,6.1875005
842,5.686081
843,72.63644
844,67.73893
845,39.61026
846,2.5299497
847,1.3950005
848,26.880415
849,122.036835
850,14.1073675
851,4.1799746
852,1.7457876
853,103.8912
854,4.168758
855,6.5386395
856,53.773563
857,3.3355165
858,181.78056
859,39.086544
860,13.972582
861,1.9257219
862,1.9141097
863,27.30301
864,8.695411
865,99.242004
866,13.788947
867,13.284474
868,1.3891387
869,6.3092155
870,1.8916519
871,21.817667
872,2.1465993
873,3.28022
874,93.00678
875,1.8681297
876,2.438434
877,3.993641
878,5.046509
879,386.97684
880,152.95638
881,278.63516
882,488.88562
883,1.5392146
884,104.70016
885,10.799058
886,14.080032
887,723.9578
888,2.2288835
889,2.4701421
890,10.4278
891,1.6572065
892,1.7128947
893,13.349079
894,2.9881938
895,4.8576465
896,47.825165
897,4.0325384
898,12.99609
899,2.5974483
900,19.79097
901,22.08287
902,14.943132
903,51.628826
904,62.93756
905,26.13328
906,2.9274886
907,2.4224524
908,7.6456175
909,4.8157225
910,14.992239
911,3.1420445
912,1.9571438
913,18.77436
914,1.8320687
915,1.3962669
916,8.361434
917,3.9253073
918,2.5396073
919,28.742775
920,16.231466
921,56.822353
922,155.00278
923,2.3266437
924,51.52472
925,18.185673
926,8.693144
927,43.932087
928,61.35272
929,6.228511
930,2.5844333
931,14.00659
932,10.919399
933,13.215767
934,2.9332373
935,2.0004525
936,2.9145358
937,160.33713
938,59.633408
939,70.17974
940,2.3230147
941,3.162415
942,83.939186
943,126.06992
944,36.79094
945,2.1522894
946,1.3891387
947,7.1469307
948,2.656513
949,4.319279
950,10.591304
951,188.40434
952,16.46031
953,15.250158
954,3.460743
955,3.1703691
956,4.937783
957,2.299195
958,25.665134
959,4.199298
960,2.91126
961,17.336311
962,38.044785
963,11.797562
964,2.07533
965,3.6712341
966,4.834352
967,1.48049
968,201.47964
969,94.00575
970,2.6452951
971,108.08207
972,370.9418
973,775.54034
974,303.69455
975,4.9277754
976,4.900614
977,69.06257
978,4.0054173
979,5.9527893
980,2.0488322
981,2.049417
982,20.250826
983,25.484756
984,3.8102636
985,4.961374
986,15.39399
987,138.55801
988,88.14863
989,11.364378
990,5.0411887
991,8.307257
992,14.047297
993,3.2677846
994,3.5766501
995,6.8826838
996,7.1730957
997,8.714807
998,2.278497
999,19.7253
1000,97.69745
1001,7.222801
1002,44.050995
1003,6.4518704
1004,17.821884
1005,44.442867
1006,3.881833
1007,2.814631
1008,93.693
1009,5.360853
1010,2.024049
1011,10.052043
1012,2.5794697
1013,2.419629
1014,5.331456
1015,29.306427
1016,149.47755
1017,187.59558
1018,19.662739
1019,158.47604
1020,36.479633
1021,145.63339
1022,27.337866
1023,71.13509
1024,52.477226
1025,13.9507475
1026,235.47179
1027,30.82492
1028,3.8863873
1029,2.961513
1030,9.84732
1031,24.82026
1032,4.51283
1033,110.742966
1034,2.209772
1035,1.3891387
1036,3.710176
1037,1.4911783
1038,46.525272
1039,195.0248
1040,8.952819
1041,31.010326
1042,157.60188
1043,9.384617
1044,5.9952407
1045,3.2268977
1046,11.9621105
1047,42.559776
1048,1.5780075
1049,5.694072
1050,40.546967
1051,2.209533
1052,6.6122565
1053,53.320084
1054,10.462392
1055,149.37076
1056,5.611612
1057,8.833686
1058,75.8337
1059,6.8786216
1060,136.58469
1061,11.055494
1062,674.70245
1063,2.3502188
1064,87.22134
1065,97.11981
1066,6.880694
1067,5.453092
1068,4.255798
1069,67.55294
1070,80.84273
1071,1.5674543
1072,36.964836
1073,1.5081639
1074,63.218636
1075,117.46055
1076,5.967628
1077,3.7077274
1078,1.5904245
1079,12.929895
1080,2.4939919
1081,168.27274
1082,5.822409
1083,8.613314
1084,8.106207
1085,11.253638
1086,28.122755
1087,64.179596
1088,1.5915368
1089,1.5246034
1090,4.4635167
1091,7.541685
1092,5.5409164
1093,5.492851
1094,5.2699604
1095,2.111067
1096,24.130032
1097,123.06339
1098,6.526994
1099,15.367184
1100,23.663347
1101,4.5403976
1102,4.074494
1103,6.4819474
1104,104.60363
1105,163.54134
1106,12.196099
1107,21.863258
1108,6.040497
1109,1.7264986
1110,20.483076
1111,6.3862715
1112,611.4113
1113,1.809207
1114,10.587659
1115,5.061208
1116,2.7874286
1117,43.616512
1118,27.900702
1119,2.5327306
1120,1.3891387
1121,101.78152
1122,7.4242945
1123,13.7045555
1124,1.8408778
1125,16.504225
1126,14.692313
1127,240.45033
1128,7.562043
1129,70.02443
1130,1.9091101
1131,27.921413
1132,28.356682
1133,8.203998
1134,796.76624
1135,124.44886
1136,3.7010574
1137,1.4336364
1138,4.742665
1139,4.147263
1140,8.591333
1141,152.59656
1142,17.717882
1143,2.0404313
1144,34.76808
1145,27.442736
1146,2.7085326
1147,9.078999
1148,18.630653
1149,42.27609
1150,112.93424
1151,73.679794
1152,27.251364
1153,7.6759253
1154,16.147697
1155,27.687098
1156,3.6537447
1157,8.908166
1158,4.974749
1159,36.50651
1160,11.37363
1161,2.0776322
1162,5.395493
1163,2.9285276
1164,147.25436
1165,3.5770426
1166,80.6418
1167,19.950882
1168,21.178286
1169,12.0996475
1170,10.620939
1171,3.7766461
1172,63.51085
1173,150.04764
1174,48.7185
1175,5.4462686
1176,95.33912
1177,1.9026299
1178,503.57898
1179,68.47479
1180,46.98768
1181,39.99867
1182,71.69225
1183,33.005295
1184,20.39088
1185,6.7471933
1186,35.861416
1187,2.785203
1188,34.83894
1189,14.747107
1190,154.38843
1191,297.57733
1192,9.434283
1193,1.9922168
1194,359.71896
1195,5.0141916
1196,29.882704
1197,2.3440895
1198,44.960743
1199,3.925362
1200,33.202145
1201,503.08212
1202,18.362896
1203,3.4895005
1204,1.423496
1205,151.58923
1206,133.4292
1207,77.079575
1208,178.70825
1209,18.993578
1210,32.203255
1211,10.742513
1212,89.381256
1213,4.759022
1214,3.6997652
1215,5.2687683
1216,9.934354
1217,50.60982
1218,1.6867368
1219,80.02191
1220,3.4080539
1221,133.36076
1222,9.546702
1223,90.92695
1224,8.199075
1225,63.18061
1226,131.89024
1227,254.68819
1228,26.896965
1229,3.4564934
1230,26.619452
1231,15.778942
1232,1.9385083
1233,4.6899223
1234,7.172797
1235,13.182976
1236,65.366905
1237,14.675213
1238,9.111243
1239,3.9071274
1240,60.34752
1241,8.516272
1242,13.812442
1243,2.1576123
1244,6.8660107
1245,4.743563
1246,7.1040936
1247,2.28948
1248,87.6554
1249,41.60863
1250,415.36682
1251,18.236908
1252,23.525795
1253,8.311318
1254,56.51558
1255,3.1917648
1256,58.31801
1257,52.34871
1258,11.537271
1259,32.663845
1260,23.405214
1261,5.3514643
1262,10.641552
1263,4.433778
1264,18.613722
1265,526.5123
1266,6.313366
1267,24.366652
1268,4.3626084
1269,30.772898
1270,10.004507
1271,221.27946
1272,3.1514168
1273,84.87979
1274,32.915337
1275,189.43465
1276,202.4846
1277,3.8749933
1278,26.1092
1279,2.2450116
1280,2.085886
1281,23.00573
1282,157.5556
1283,2.510606
1284,61.075073
1285,4.9253635
1286,9.315641
1287,41.290092
1288,4.0158873
1289,2.8112519
1290,3.43147
1291,6.957395
1292,3.3270073
1293,7.1523886
1294,5.2877855
1295,587.6866
1296,73.47219
1297,4.037804
1298,15.800562
1299,14.026206
1300,115.93376
1301,6.6360617
1302,6.876971
1303,17.770182
1304,1.8497026
1305,6.933286
1306,684.76483
1307,17.038395
1308,2.647936
1309,5.001373
1310,3.29888
1311,47.23961
1312,13.528076
1313,10.749331
1314,87.01364
1315,10.501023
1316,584.0467
1317,5.8847585
1318,4.68116
1319,50.13422
1320,15.123264
1321,3.6974282
1322,462.3643
1323,340.61487
1324,129.70494
1325,84.17308
1326,4.19906
1327,48.05458
1328,109.66311
1329,1.3891387
1330,17.182959
1331,4.193006
1332,56.38225
1333,3.4100995
1334,691.3443
1335,1.6154234
1336,9.627574
1337,42.784992
1338,4.548251
1339,4.134846
1340,8.147318
1341,28.661486
1342,176.01825
1343,75.01442
1344,28.970505
1345,4.1066446
1346,3.8684216
1347,82.474365
1348,169.55122
1349,8.109559
1350,2.894756
1351,666.99396
1352,14.795542
1353,35.877983
1354,51.200943
1355,1065.1862
1356,1.8712194
1357,19.281925
1358,142.97804
1359,16.40089
1360,14.41241
1361,6.8428516
1362,60.29769
1363,134.3764
1364,6.45717
1365,39.40592
1366,4.587658
1367,37.946884
1368,32.13418
1369,19.580454
1370,4.4491434
1371,5.8861904
1372,49.99014
1373,122.06793
1374,6.8945837
1375,19.587551
1376,45.453636
1377,5.263681
1378,14.930655
1379,10.3417015
1380,5.412106
1381,2.3213284
1382,2.5685418
1383,7.673812
1384,3.146544
1385,8.90566
1386,38.540802
1387,44.114452
1388,6.536939
1389,14.009335
1390,40.382286
1391,4.3054867
1392,1.8336601
1393,57.032
1394,13.875678
1395,47.11794
1396,3.728653
1397,22.066954
1398,8.886264
1399,13.402785
1400,157.40984
1401,19.796368
1402,11.270613
1403,16.68233
1404,7.804821
1405,89.86987
1406,4.4460664
1407,2.7215269
1408,53.91811
1409,26.128725
1410,24.21953
1411,184.40529
1412,1.8854561
1413,33.701244
1414,12.091517
1415,74.744934
1416,8.588549
1417,1.7441113
1418,15.255966
1419,307.1698
1420,998.85706
1421,40.360764
1422,22.956295
1423,22.302597
1424,8.678782
1425,1.967335
1426,3.1132507
1427,29.350151
1428,29.41288
1429,78.56213
1430,28.132109
1431,36.09708
1432,33.806675
1433,46.02342
1434,31.74559
1435,7.7256413
1436,147.94168
1437,6.5884566
1438,22.013302
1439,21.574884
1440,21.563042
1441,4.970224
1442,30.091656
1443,2.3330648
1444,12.920851
1445,82.97788
1446,7.061699
1447,38.203716
1448,4.58168
1449,121.79185
1450,16.80246
1451,22.889551
1452,160.68462
1453,4.7149615
1454,12.863948
1455,25.798178
1456,81.354935
1457,89.43937
1458,14.456465
1459,38.76035
1460,2.8632796
1461,1.3992002
1462,4.9953194
1463,9.4540615
1464,58.892612
1465,52.152126
1466,197.87822
1467,7.896863
1468,94.30953
1469,256.8718
1470,39.61117
1471,13.670354
1472,2.10309
1473,64.510345
1474,13.26431
1475,3.5930967
1476,20.610184
1477,5.9216304
1478,26.880156
1479,2.8478343
1480,18.091434
1481,7.8556595
1482,112.12234
1483,414.6824
1484,270.29184
1485,1.6283712
1486,41.31687
1487,929.9322
1488,66.48524
1489,7.794176
1490,45.067303
1491,73.09393
1492,17.477182
1493,205.72057
1494,87.56443
1495,19.357176
1496,83.07292
1497,116.48399
1498,16.962711
1499,11.212858
1500,2.6541083
1501,2.2321658
1502,22.348694
1503,2.5120904
1504,21.710163
1505,43.877766
1506,62.47776
1507,10.98013
1508,22.319548
1509,57.529533
1510,8.145394
1511,11.883594
1512,229.401
1513,20.987307
1514,11.721715
1515,104.55122
1516,47.822487
1517,36.498367
1518,1.9409103
1519,47.86639
1520,6.9378986
1521,138.05357
1522,97.469696
1523,2.9318206
1524,1.3891387
1525,26.916885
1526,7.390319
1527,69.72051
1528,2.7205315
1529,2.5353208
1530,7.2277174
1531,288.90045
1532,38.80998
1533,58.713158
1534,4167.72
1535,10.937379
1536,47.786392
1537,50.379463
1538,180.59093
1539,51.39072
1540,1766.6707
1541,14.998169
1542,7.6575127
1543,1.3891387
1544,5.8967614
1545,62.052193
1546,34.141933
1547,62.415375
1548,24.533674
1549,75.10574
1550,27.751379
1551,17.376795
1552,27.03701
1553,10.23846
1554,81.40102
1555,15.379152
1556,26.912254
1557,4.354851
1558,27.206364
1559,26.417404
1560,11.643641
1561,260.873
1562,43.947323
1563,1.6536775
1564,3.3243103
1565,17.25765
1566,68.62861
1567,3.8837624
1568,16.706522
1569,4.5053825
1570,6.075355
1571,5.53194
1572,4.8426867
1573,3.552544
1574,1.3891387
1575,129.02122
1576,82.8546
1577,12.39884
1578,4.289122
1579,2.838379
1580,61.585327
1581,76.63071
1582,96.40875
1583,5.6316624
1584,5.158711
1585,368.36633
1586,2.560563
1587,6.891817
1588,3.9783006
1589,7.069989
1590,66.4483
1591,119.69363
1592,2.7994263
1593,49.698128
1594,240.91754
1595,466.8892
1596,2.1690512
1597,182.6324
1598,27.405375
1599,95.8987
1600,4.614262
1601,34.582634
1602,91.347046
1603,2.258537
1604,3.5224104
1605,66.355965
1606,33.220486
1607,14.528247
1608,15.507603
1609,4.578635
1610,43.871216
1611,1.680399
1612,2.8004246
1613,123.362564
1614,2.15716
1615,36.90581
1616,33.488834
1617,59.80104
1618,3.4128628
1619,41.75953
1620,2.08987
1621,60.26657
1622,4.0916643
1623,1.7450469
1624,53.34541
1625,21.724993
1626,199.76546
1627,10.535267
1628,9.4862385
1629,11.117135
1630,122.127335
1631,31.66224
1632,42.30221
1633,5.44693
1634,259.19092
1635,97.05938
1636,55.206596
1637,50.765167
1638,7.97536
1639,2.6039398
1640,2.9056268
1641,73.26368
1642,1.8216951
1643,5.1501274
1644,19.525465
1645,69.73407
1646,5.6377673
1647,99.67989
1648,344.94083
1649,3.7173576
1650,15.505459
1651,6.815312
1652,203.66469
1653,33.35119
1654,2.9068441
1655,2.3502047
1656,2.0315754
1657,3.6364956
1658,105.434425
1659,1.3891387
1660,316.95914
1661,28.907597
1662,9.903825
1663,3.53163
1664,7.4244013
1665,9.994039
1666,2.6489794
1667,2.740656
1668,69.35299
1669,4.3930826
1670,10.051379
1671,5.5795913
1672,7.1290474
1673,5.6616287
1674,69.42277
1675,20.256989
1676,2.505719
1677,2.717995
1678,2.7402322
1679,5.6956387
1680,1.4369376
1681,149.3101
1682,1.7870977
1683,2.486443
1684,5.173643
1685,13.716255
1686,839.91644
1687,93.97305
1688,11.904548
1689,19.386337
1690,2.9652417
1691,6.2277064
1692,58.26039
1693,4.3191032
1694,41.741
1695,1.9887631
1696,22.41734
1697,6.7587814
1698,42.78495
1699,1.8595417
1700,30.004019
1701,170.34738
1702,41.060146
1703,135.35753
1704,3.5770035
1705,24.533491
1706,1.4990349
1707,243.47617
1708,20.407522
1709,833.9734
1710,10.481614
1711,1.9391239
1712,10.471305
1713,17.37163
1714,36.719555
1715,9.996455
1716,1.4737849
1717,18.828014
1718,2.6867917
1719,13.777799
1720,8.399293
1721,74.73049
1722,10.039674
1723,14.131191
1724,7.854336
1725,12.5754795
1726,382.73898
1727,23.611526
1728,4.6222878
1729,83.59763
1730,202.93571
1731,5.442024
1732,34.46657
1733,15.390598
1734,30.384647
1735,3.0607877
1736,36.456745
1737,6.8344116
1738,4.106507
1739,1.5207832
1740,4.3708334
1741,2.4872084
1742,3.0465388
1743,16.625103
1744,1.8150878
1745,3.190384
1746,26.116827
1747,121.201256
1748,3.307685
1749,12.488785
1750,8.870667
1751,39.228416
1752,7.1831274
1753,13.413743
1754,77.27651
1755,5.7291565
1756,3.276989
1757,6.9010043
1758,13.616463
1759,66.52074
1760,10.102704
1761,55.838642
1762,3.3929582
1763,11.486154
1764,271.0546
1765,3.100648
1766,2.1675322
1767,3.382297
1768,4.6414557
1769,2.8685284
1770,4.5150695
1771,1.4266922
1772,7.8086805
1773,1.6043422
1774,12.102596
1775,196.04272
1776,16.449177
1777,93.43751
1778,3.243432
1779,4.649312
1780,31.595703
1781,4.186147
1782,83.21351
1783,77.26367
1784,1.3891387
1785,3.892582
1786,233.14827
1787,3.047718
1788,2.371817
1789,8.180947
1790,71.02263
1791,14.12171
1792,407.6733
1793,19.296766
1794,11.604844
1795,77.38801
1796,2.6355443
1797,35.706345
1798,35.8398
1799,15.843332
1800,18.890102
1801,35.23288
1802,12.543994
1803,65.25295
1804,261.54266
1805,2.3464506
1806,3.9210439
1807,5.319423
1808,3.6096373
1809,3.133854
1810,21.564396
1811,3.0020056
1812,14.373551
1813,26.408646
1814,8.604362
1815,24.631556
1816,93.768616
1817,14.640294
1818,2.2215233
1819,1.3891387
1820,19.396338
1821,10.513745
1822,3.1215987
1823,6.7543836
1824,17.167463
1825,34.77592
1826,6.2696533
1827,3.2340508
1828,400.9062
1829,177.2584
1830,18.802404
1831,2.2243102
1832,4.664089
1833,3.0703344
1834,4.4155197
1835,4.567803
1836,144.09966
1837,9.248433
1838,1.807091
1839,3.1412597
1840,62.081364
1841,26.114086
1842,7.8833294
1843,2.05534
1844,7.248892
1845,3.13407
1846,43.89386
1847,5.328005
1848,17.413986
1849,59.138523
1850,3.9320374
1851,6.2723064
1852,10.590608
1853,9.683411
1854,25.40643
1855,32.554066
1856,1.9217832
1857,2.8645067
1858,5.906177
1859,122.56546
1860,5.7043095
1861,5.6550198
1862,31.966858
1863,4.3649435
1864,9.597305
1865,122.368645
1866,9.148605
1867,165.18213
1868,264.56955
1869,1.8343625
1870,15.298788
1871,5.7884583
1872,5.9479938
1873,3.4097977
1874,2.208045
1875,2.7650561
1876,3.8842797
1877,2.4341397
1878,86.779396
1879,21.695597
1880,64.23164
1881,182.46567
1882,22.681509
1883,1.3983498
1884,22.556082
1885,5.8536725
1886,8.696884
1887,194.92462
1888,3.316873
1889,21.81003
1890,16.124115
1891,2.5259683
1892,15.885151
1893,136.26752
1894,1.588392
1895,8.303372
1896,3.2095833
1897,162.45459
1898,29.201426
1899,134.52348
1900,2.352565
1901,5.9394464
1902,21.695673
1903,3.9254985
1904,3.8859682
1905,18.802507
1906,11.6102705
1907,12.729708
1908,57.932243
1909,8.472696
1910,6.4030643
1911,3.066656
1912,233.69533
1913,2.2130935
1914,320.33182
1915,63.281868
1916,68.95865
1917,358.38412
1918,7.737974
1919,5.819473
1920,93.68307
1921,41.577152
1922,7.7122917
1923,85.65404
1924,92.635994
1925,26.397297
1926,223.38
1927,302.26868
1928,1.8649535
1929,87.519554
1930,5.981876
1931,14.406446
1932,7.111702
1933,19.67009
1934,26.886944
1935,104.747795
1936,27.870832
1937,9.5474415
1938,11.861791
1939,13.272478
1940,8.01783
1941,15.698622
1942,2.9082937
1943,41.628567
1944,37.45818
1945,2.1419947
1946,3.0122275
1947,41.24285
1948,8.963512
1949,67.793526
1950,1.958205
1951,781.31775
1952,1.4055009
1953,13.653082
1954,1.918405
1955,11.686335
1956,98.04709
1957,129.31581
1958,23.617924
1959,271.03903
1960,13.942398
1961,4.5764184
1962,9.782719
1963,36.795246
1964,4.2760596
1965,5.2589025
1966,1.7651315
1967,17.445702
1968,125.44935
1969,9.9388
1970,4.716929
1971,7.2397156
1972,1.6546633
1973,153.95602
1974,9.287841
1975,9.515658
1976,1.5027087
1977,5.7841415
1978,272.22073
1979,210.12349
1980,23.64696
1981,47.507915
1982,8.410951
1983,26.889343
1984,18.611034
1985,3.518085
1986,36.701015
1987,20.497438
1988,30.542547
1989,3.0159159
1990,466.37344
1991,3.7443056
1992,126.002266
1993,232.74522
1994,3.9323683
1995,24.279266
1996,13.296614
1997,2.1792817
1998,38.294033
1999,5.0655007
2000,6.97867
2001,12.471356
2002,13.611104
2003,6.5869465
2004,4.377026
2005,25.305325
2006,2.8345025
2007,51.33187
2008,4.562383
2009,13.437254
2010,37.92082
2011,5.27199
2012,57.56809
2013,8.040752
2014,18.336342
2015,199.97916
2016,16.248138
2017,7.787364
2018,1.4016318
2019,6.837773
2020,36.776516
2021,106.2241
2022,8.720545
2023,2.9546006
2024,30.090233
2025,20.829947
2026,2.7874463
2027,3.1988907
2028,48.706364
2029,1.8015382
2030,38.118572
2031,1.9894686
2032,124.138725
2033,243.06711
2034,8.693537
2035,8.899914
2036,1.9078009
2037,2.5328727
2038,43.69561
2039,7.3369484
2040,99.69737
2041,13.8881855
2042,300.78976
2043,180.99887
2044,2.604014
2045,26.388592
2046,21.379993
2047,5.370536
2048,3.4356842
2049,506.7601
2050,32.273174
2051,5.1093407
2052,1.7893627
2053,10.0956545
2054,80.87497
2055,55.091496
2056,3.0239973
2057,105.60977
2058,3.9030623
2059,38.13976
2060,9.070396
2061,30.029346
2062,143.11238
2063,71.42985
2064,151.32527
2065,5.9658327
2066,2.920734
2067,4.1350045
2068,1.4732847
2069,8.838516
2070,9.695239
2071,9.981794
2072,318.37744
2073,6.52962
2074,2.9757466
2075,223.52652
2076,162.17783
2077,3.3733816
2078,318.9541
2079,474.08926
2080,3.0525603
2081,313.11008
2082,6.439877
2083,11.233321
2084,3.6329532
2085,6.6300635
2086,12.564686
2087,859.65173
2088,2.8849719
2089,30.022276
2090,3.8385859
2091,6.2810698
2092,8.740513
2093,22.339989
2094,2.442383
2095,6.089745
2096,18.501867
2097,19.918694
2098,25.014097
2099,9.208512
2100,10.359815
2101,84.773964
2102,35.756252
2103,11.732949
2104,111.294685
2105,2.8115277
2106,12.306531
2107,63.96215
2108,15.4242325
2109,69.18826
2110,30.944126
2111,27.836699
2112,159.82143
2113,42.285202
2114,15.568068
2115,39.77075
2116,129.63391
2117,9.074722
2118,541.8704
2119,42.028187
2120,43.280937
2121,3.2453585
2122,10.399837
2123,58.88433
2124,1.4117453
2125,8.393649
2126,8.546538
2127,21.360376
2128,7.352624
2129,3.156352
2130,770.14453
2131,135.44164
2132,5.0780053
2133,6.110709
2134,53.31128
2135,39.518673
2136,4.3292036
2137,5.533679
2138,1.9352953
2139,1.6318302
2140,11.875309
2141,49.054596
2142,26.910837
2143,6.8882165
2144,65.95499
2145,14.669082
2146,170.77408
2147,3.0193968
2148,47.595634
2149,2.1702638
2150,2.716469
2151,3.931241
2152,49.228226
2153,42.098465
2154,3.3283696
2155,1.5341339
2156,30.512728
2157,1.6542239
2158,204.75299
2159,122.962036
2160,2.111428
2161,2.8435876
2162,2.1835978
2163,127.2113
2164,18.84005
2165,396.83154
2166,24.505163
2167,30.80005
2168,5.857929
2169,118.40622
2170,2.8619802
2171,15.985594
2172,1.5108285
2173,111.296616
2174,11.884546
2175,4.0714383
2176,28.11021
2177,1.9135914
2178,3.8116612
2179,43.3692
2180,112.19594
2181,1190.9705
2182,2.5134387
2183,14.7559805
2184,20.029242
2185,186.51057
2186,280.0618
2187,14.27133
2188,18.385443
2189,5.125842
2190,16.663153
2191,3.0879378
2192,69.29454
2193,5.4325576
2194,1.6509078
2195,5.530269
2196,5.6949553
2197,19.434357
2198,4.6546173
2199,468.83472
2200,539.4612
2201,7.370798
2202,19.96299
2203,6.377186
2204,326.8663
2205,36.13855
2206,36.97777
2207,7.100257
2208,64.30792
2209,164.14264
2210,32.35767
2211,13.545628
2212,10.023196
2213,16.026293
2214,2.425687
2215,9.355729
2216,22.51989
2217,6.0751405
2218,191.84166
2219,316.90546
2220,31.341702
2221,15.283041
2222,11.709376
2223,22.343039
2224,39.584164
2225,2.4455652
2226,281.40482
2227,23.719437
2228,80.652504
2229,1.4493744
2230,47.04446
2231,11.19722
2232,19.869352
2233,1.7514722
2234,58.3061
2235,17.018675
2236,4.7924733
2237,50.511135
2238,1.9038322
2239,147.41556
2240,1.9610298
2241,4.3198357
2242,4.6922913
2243,21.688688
2244,22.7588
2245,6.728201
2246,167.02417
2247,114.31366
2248,224.71893
2249,49.554905
2250,58.421337
2251,40.02234
2252,1.5491982
2253,2.551305
2254,321.5724
2255,4.294828
2256,29.602983
2257,44.27455
2258,129.13908
2259,8.851889
2260,213.62273
2261,3.901153
2262,3.3490434
2263,69.02269
2264,4.26153
2265,2.7927737
2266,24.116842
2267,115.42224
2268,13.489877
2269,2.0639162
2270,36.143482
2271,13.181211
2272,3.4915686
2273,8.475608
2274,30.254152
2275,22.959888
2276,49.50705
2277,1.6247447
2278,10.460813
2279,4.438857
2280,1.8308837
2281,1.5563016
2282,13.001216
2283,12.289733
2284,16.17715
2285,5.9127398
2286,63.19993
2287,4.7712355
2288,9.570502
2289,39.83993
2290,1.8912823
2291,50.98475
2292,8.920568
2293,2.0725796
2294,258.10004
2295,4.7557163
2296,485.4772
2297,2.1107366
2298,3.4811654
2299,17.86155
2300,12.940115
2301,32.200348
2302,2.2512846
2303,5.3298073
2304,2.2327328
2305,115.34738
2306,6.838496
2307,122.21978
2308,15.012995
2309,1.9571342
2310,2.064776
2311,9.340766
2312,1.7939491
2313,51.63411
2314,22.626417
2315,10.319296
2316,17.521942
2317,1.7045529
2318,72.107376
2319,2.9135554
2320,45.082363
2321,199.40468
2322,135.39772
2323,41.724087
2324,7.267083
2325,7.1763935
2326,1154.9025
2327,2.7533674
2328,2.798505
2329,20.182154
2330,99.0979
2331,45.850994
2332,494.39157
2333,2.8315918
2334,12.9664955
2335,30.284943
2336,196.70699
2337,17.90055
2338,92.19408
2339,5.180975
2340,3.1584654
2341,232.93556
2342,37.016644
2343,4.8001804
2344,3.916523
2345,4.9158196
2346,11.400117
2347,7.4303703
2348,17.786085
2349,3.0860672
2350,2.5899065
2351,86.18359
2352,26.559935
2353,3.0715456
2354,219.22557
2355,7.5018244
2356,16.111794
2357,2.9391596
2358,4.2421675
2359,4.716398
2360,3.2404532
2361,6.5723066
2362,26.580898
2363,26.90968
2364,1.7236812
2365,4.8414254
2366,72.24684
2367,3.5465603
2368,8.35216
2369,17.481768
2370,12.36509
2371,40.057938
2372,155.75539
2373,2.4350486
2374,11.496186
2375,1.5285606
2376,39.84626
2377,36.5551
2378,3.0145545
2379,26.845678
2380,3.6166983
2381,174.99875
2382,4.499718
2383,30.096178
2384,14.575723
2385,14.7995
2386,1.4255867
2387,8.117532
2388,10.661948
2389,21.220448
2390,3.4469552
2391,3.9342337
2392,5.298474
2393,4.76839
2394,22.413324
2395,2.4468346
2396,47.20753
2397,2.9542263
2398,1.5920959
2399,2.1784923
2400,157.5315
2401,4.081454
2402,6.3467555
2403,4.952983
2404,4.5705767
2405,35.25599
2406,9.920122
2407,125.313515
2408,72.124176
2409,1.4563375
2410,50.168198
2411,4.047966
2412,13.117322
2413,39.80278
2414,2.4746687
2415,16.180239
2416,5.865033
2417,89.44963
2418,9.796759
2419,85.04884
2420,106.46662
2421,2.246322
2422,4.439706
2423,5.6796565
2424,197.79024
2425,171.13019
2426,9.026227
2427,6.9720607
2428,29.709373
2429,17.151764
2430,93.099884
2431,7.5545692
2432,13.548448
2433,10.102142
2434,1.6286502
2435,1.7072418
2436,5.1834636
2437,334.519
2438,4.811834
2439,1.3891387
2440,3.021305
2441,13.216272
2442,152.85583
2443,7.045184
2444,3.4773884
2445,45.28779
2446,18.787085
2447,8.626642
2448,8.765135
2449,6.3687673
2450,10.299966
2451,2.8791761
2452,29.521244
2453,6.444641
2454,119.226814
2455,15.119816
2456,46.989418
2457,1.6703732
2458,8.089749
2459,357.59753
2460,14.788064
2461,23.361288
2462,3.7199574
2463,2.2719326
2464,67.54255
2465,30.58441
2466,174.85472
2467,11.328266
2468,88.054054
2469,16.576752
2470,2.6727917
2471,36.178116
2472,49.94251
2473,47.859657
2474,3.9826283
2475,63.760803
2476,4.2881165
2477,49.93653
2478,22.386736
2479,16.618893
2480,116.68029
2481,1156.37
2482,12.959159
2483,2.8160927
2484,7.190982
2485,1.8946557
2486,402.9734
2487,80.39377
2488,18.939672
2489,1.890316
2490,82.04175
2491,12.699531
2492,1.9039085
2493,112.201385
2494,2.0780065
2495,25.840206
2496,2.7444382
2497,8.275508
2498,43.41527
2499,1.6975758
2500,4.403113
2501,9.389218
2502,20.729778
2503,2.5097675
2504,4.061757
2505,9.099652
2506,27.728802
2507,89.00645
2508,34.63877
2509,46.7635
2510,3.0163498
2511,1.4091718
2512,8.803343
2513,10.917988
2514,178.87706
2515,10.745937
2516,1.8436265
2517,6.074034
2518,25.153406
2519,57.853867
2520,18.833235
2521,46.105133
2522,6.7719374
2523,3.2687044
2524,3.3539267
2525,46.723637
2526,19.832962
2527,16.000134
2528,44.118973
2529,8.79941
2530,32.150303
2531,10.15161
2532,20.067894
2533,14.718307
2534,11.616699
2535,5.2648244
2536,3.1341558
2537,5.0632973
2538,1117.6207
2539,119.55449
2540,6.9011045
2541,472.3763
2542,45.35068
2543,26.588303
2544,7.77551
2545,55.46192
2546,9.496006
2547,556.1216
2548,1.4694531
2549,9.46321
2550,13.027806
2551,7.543585
2552,20.745575
2553,15.310368
2554,17.56341
2555,3.6581116
2556,5.2117696
2557,9.829965
2558,2.5309067
2559,82.774864
2560,121.71224
2561,1.8963096
2562,2.8066182
